{
  "parent": "minecraft:item/handheld",
  "textures": {
    "layer0": "minecraft:item/weapon/axe"
  },
  "display": {
    "thirdperson_righthand": {
      "rotation": [ -45, -90, 0 ],
      "translation": [ 0, 5, 1 ],
      "scale": [ 1.0, 1.0, 1.0 ]
    },
    "thirdperson_lefthand": {
      "rotation": [ -45, 90, 0 ],
      "translation": [ 0, 5, 1 ],
      "scale": [ 1.0, 1.0, 1.0 ]
    },
    "firstperson_righthand": {
      "rotation": [ -30, -90, 0 ],
      "translation": [ 3, 3, 0 ],
      "scale": [ 0.8, 0.8, 0.8 ]
    },
    "firstperson_lefthand": {
      "rotation": [ -30, 90, 0 ],
      "translation": [ 3, 3, 0 ],
      "scale": [ 0.8, 0.8, 0.8 ]
    }
  }
}
