{
  "parent": "minecraft:item/handheld",
  "textures": {
    "layer0": "minecraft:item/weapon/hammer"
  },
  "display": {
    "thirdperson_righthand": {
      "rotation": [ -45, -90, 0 ],
      "translation": [ 0, 8, 2 ],
      "scale": [ 1.2, 1.2, 1.2 ]
    },
    "thirdperson_lefthand": {
      "rotation": [ -45, 90, 0 ],
      "translation": [ 0, 8, 2 ],
      "scale": [ 1.2, 1.2, 1.2 ]
    },
    "firstperson_righthand": {
      "rotation": [ -30, -90, 0 ],
      "translation": [ 2, 3, 0 ],
      "scale": [ 0.8, 0.8, 0.8 ]
    },
    "firstperson_lefthand": {
      "rotation": [ -30, 90, 0 ],
      "translation": [ 2, 3, 0 ],
      "scale": [ 0.8, 0.8, 0.8 ]
    }
  }
}
