{
  "criteria": {
    "use": {
      "trigger": "minecraft:player_hurt_entity",
      "conditions": {
        "player": [
          {
            "condition": "minecraft:entity_properties",
            "entity": "this",
            "predicate": {
              "nbt": "{SelectedItem:{components:{\"minecraft:custom_data\":{errand_of_danger_weapon:6}}}}"
            }
          }
        ],
        "damage": {
          "dealt": {
            "min": 6
          }
        }
      }
    }
  },
  "rewards": {
    "function": "errand_of_danger:player_move/weapon/use_hammer"
  }
}