{
  "parent": "minecraft:item/handheld_rod",
  "textures": {
    "layer0": "minecraft:item/carrot_on_a_stick"
  },

  "overrides": [
    {"predicate": {"custom_model_data":1}, "model": "minecraft:item/skill/explosion"},
    {"predicate": {"custom_model_data":2}, "model": "minecraft:item/skill/healing_light"},
    {"predicate": {"custom_model_data":3}, "model": "minecraft:item/skill/magical_shot"},
    {"predicate": {"custom_model_data":4}, "model": "minecraft:item/skill/flame_aura"},
    {"predicate": {"custom_model_data":5}, "model": "minecraft:item/skill/ice_break"},
    {"predicate": {"custom_model_data":6}, "model": "minecraft:item/skill/warrior_call"}
  ]
}