{
  "parent": "minecraft:item/handheld",
  "textures": {
    "layer0": "minecraft:item/iron_shovel"
  },

  "overrides": [
    {"predicate": {"custom_model_data":1}, "model": "minecraft:item/weapon/axe"},
    {"predicate": {"custom_model_data":2}, "model": "minecraft:item/weapon/spear"},
    {"predicate": {"custom_model_data":3}, "model": "minecraft:item/weapon/katana"},
    {"predicate": {"custom_model_data":4}, "model": "minecraft:item/weapon/hammer"},
    {"predicate": {"custom_model_data":5}, "model": "minecraft:item/weapon/stick"}
  ]
}