{
  "parent": "minecraft:item/generated",
  "textures": {
    "layer0": "minecraft:item/spider_eye"
  },

  "overrides": [
    {"predicate": {"custom_model_data":1}, "model": "minecraft:item/bonus/damage"},
    {"predicate": {"custom_model_data":2}, "model": "minecraft:item/bonus/health"},
    {"predicate": {"custom_model_data":3}, "model": "minecraft:item/bonus/healing"},
    {"predicate": {"custom_model_data":4}, "model": "minecraft:item/bonus/potion"},
    {"predicate": {"custom_model_data":5}, "model": "minecraft:item/bonus/skill"},
    {"predicate": {"custom_model_data":6}, "model": "minecraft:item/bonus/shield"}
  ]
}